<?xml version="1.0" encoding="UTF-8"?>
<beans xmlns="http://www.springframework.org/schema/beans"
	xmlns:security="http://www.springframework.org/schema/security"
	xmlns:xsi="http://www.w3.org/2001/XMLSchema-instance"
	xmlns:context="http://www.springframework.org/schema/context"
	xmlns:task="http://www.springframework.org/schema/task"
	xsi:schemaLocation="
		http://www.springframework.org/schema/beans
		http://www.springframework.org/schema/beans/spring-beans-3.0.xsd
		http://www.springframework.org/schema/security
		http://www.springframework.org/schema/security/spring-security-3.0.xsd
		http://www.springframework.org/schema/context
		http://www.springframework.org/schema/context/spring-context-3.0.xsd
		http://www.springframework.org/schema/task  
		http://www.springframework.org/schema/task/spring-task-3.0.xsd">

		<!-- ResourceBundleViewResolver is the ideal way in which to configure a whole set of JasperReports
			 views that require nothing more than the URL for configuration. -->
	<bean id="viewResolver" class="org.springframework.web.servlet.view.ResourceBundleViewResolver">
		<property name="basename">
			<value>views</value>
		</property>
	</bean>

	<!-- If a JasperReports view requires more complex configuration then use the BeanNameViewResolver to
			 map a given view name to a given view bean -->
	<bean id="nameViewResolver" class="org.springframework.web.servlet.view.BeanNameViewResolver"/>


	<!--  
	<bean id="urlMapping" class="org.springframework.web.servlet.handler.SimpleUrlHandlerMapping">
		<property name="mappings">
			<props>
				<prop key="/*.*">controller</prop>
			</props>
		</property>
	</bean>
	

	<bean id="controller" class="login.AccesoSistema">
		<property name="methodNameResolver">
			<ref local="resolver"/>
		</property>
	</bean>
	-->

	<bean id="resolver" class="org.springframework.web.servlet.mvc.multiaction.PropertiesMethodNameResolver">
		<property name="mappings">
			<props>
				<prop key="/simpleReport.pdf">handleSimpleReport</prop>
				<prop key="/report1.*">handleReport1</prop>
				<prop key="/simpleReportPost.action">handleSimpleReportPost</prop>
				<prop key="/simpleReportHtml.html">handleSimpleReportHtml</prop>
				<prop key="/simpleReportCsv.csv">handleSimpleReportCsv</prop>
				<prop key="/simpleReportExcel.xls">handleSimpleReportExcel</prop>
				<prop key="/simpleReportMulti.*">handleSimpleReportMulti</prop>
			</props>
		</property>
	</bean>
	
    <!-- Tags necesarios para el uso de anotaciones de spring 3, la primera task es para el manejo
    de metodos programados para ejecucion, las segundas para las anotaciones generales se servicios etc.  -->
    <task:annotation-driven/>
	<context:annotation-config />
	<context:component-scan base-package="*" />

</beans>