<?xml version="1.0" encoding="UTF-8"?>
<services-config>

     <services>
        <service-include file-path="remoting-config.xml">
        </service-include>
         <service-include file-path="messaging-config.xml" /> 
    </services>

    <channels>
        <channel-definition id="my-amf" class="mx.messaging.channels.AMFChannel">
            <endpoint
            	url="http://{server.name}:{server.port}/{context.root}/messagebroker/amf" 
            	class="flex.messaging.endpoints.AMFEndpoint"/>
        </channel-definition>
        
         <channel-definition id="my-polling-amf" class="mx.messaging.channels.AMFChannel">
            <endpoint 
            		url="http://{server.name}:{server.port}/{context.root}/messagebroker/amfpolling" 
            		class="flex.messaging.endpoints.AMFEndpoint"/>
            <properties>
                <polling-enabled>false</polling-enabled>
                <polling-interval-seconds>1</polling-interval-seconds>
                <polling-interval-millis>0</polling-interval-millis>
            </properties>
        </channel-definition>
        
   </channels>
    
      <logging>
        <target class="flex.messaging.log.ConsoleTarget" level="Error">
            <properties>
                <prefix>[BlazeDS]</prefix>
                <includeDate>false</includeDate>
                <includeTime>false</includeTime>
                <includeLevel>false</includeLevel>
                <includeCategory>false</includeCategory>
            </properties>
            <filters>
                <pattern>Endpoint.*</pattern>
                <pattern>Service.*</pattern>
                <pattern>Configuration</pattern>
            </filters>
        </target>
    </logging>

 	<system>
        <redeploy>
            <enabled>false</enabled>
            <!-- 
            <watch-interval>20</watch-interval>
            <watch-file>{context.root}/WEB-INF/flex/services-config.xml</watch-file>
            <watch-file>{context.root}/WEB-INF/flex/proxy-config.xml</watch-file>
            <watch-file>{context.root}/WEB-INF/flex/remoting-config.xml</watch-file>
            <watch-file>{context.root}/WEB-INF/flex/messaging-config.xml</watch-file>
            <watch-file>{context.root}/WEB-INF/flex/data-management-config.xml</watch-file>
            <touch-file>{context.root}/WEB-INF/web.xml</touch-file>
             -->
        </redeploy>
    </system>


</services-config>
